Workbook

Sheet Standard Atm.
A1: Elevation (Wichita) | B1: 1300 ft
D2: V (ft/s) | E2: V(mph) | F2: Mach # | G2: Re
A3: Temperature | D3: 25 | E3: 17.045455 | F3: 0.022496441 | G3: 210860.46
A4: Rankin | B4: Fahrenheit | D4: 30 | E4: 20.454546 | F4: 0.02699573 | G4: 253032.56
A5: 514.052 | B5: 54.382 | D5: 35 | E5: 23.863637 | F5: 0.031495018 | G5: 295204.65
D6: 40 | E6: 27.272728 | F6: 0.035994306 | G6: 337376.74
A7: Density (slugs/ft3) | B7: Viscosity (slugs/ft*s) | D7: 45 | E7: 30.681819 | F7: 0.040493594 | G7: 379548.83
A8: 0.00228782 | B8: 3.710674e-07 | D8: 50 | E8: 34.09091 | F8: 0.044992883 | G8: 421720.93
D9: 55 | E9: 37.500001 | F9: 0.049492171 | G9: 463893.02
A10: Speed of Sounds (ft/s) | D10: 60 | E10: 40.909092 | F10: 0.053991459 | G10: 506065.11
A11: =SQRT(1.4*1716*A5) -> 1111.2869 | D11: 65 | E11: 44.318183 | F11: 0.058490747 | G11: 548237.21
D12: 70 | E12: 47.727274 | F12: 0.062990036 | G12: 590409.3
D13: 75 | E13: 51.136365 | F13: 0.067489324 | G13: 632581.39
D14: 80 | E14: 54.545456 | F14: 0.071988612 | G14: 674753.48
D15: 85 | E15: 57.954547 | F15: 0.0764879 | G15: 716925.58
D16: 90 | E16: 61.363638 | F16: 0.080987189 | G16: 759097.67
D17: 95 | E17: 64.772729 | F17: 0.085486477 | G17: 801269.76
D18: 100 | E18: 68.18182 | F18: 0.089985765 | G18: 843441.85
D19: 105 | E19: 71.590911 | F19: 0.094485053 | G19: 885613.95
D20: 110 | E20: 75.000002 | F20: 0.098984342 | G20: 927786.04

Sheet Aero. Chract. (Total)
A1: Airfoil: | B1: NACA4418 | D1: Desired Weight (lb): | E1: 8
A2: Re #: | B2: 250000 | D2: Desired Vcruise (ft/s): | E2: 93.81
A3: t/c | B3: 0.18 | D3: Desired Wing Span (ft): | E3: 4.5
A4: Density (slug/ft3): | B4: ='Standard Atm.'!A8 -> 0.00228782
E5: Aspect Ratio | F5: Vstall (ft/s) | G5: Vcruise (ft/s) | H5: Lift Cruise Desired V (lb)
B6: in2 | C6: ft2 | E6: =E3^2/C7 -> 4.3548387 | F6: =SQRT((2*$E$1)/($B$4*('Info (Payload Bay)'!$I$2*'Aero. Chract. (Payload Bay)'!$J18+'Info. (Bar)'!$I$2*'Aero. Chract. (Bar)'!$J18+'Info. (Trap.)'!$I$2*'Aero. Chract. (Trap.)'!$J18))) -> 51.501499 | G6: =SQRT((2*$E$1)/($B$4*('Info (Payload Bay)'!$I$2*'Aero. Chract. (Payload Bay)'!$J23+'Info. (Bar)'!$I$2*'Aero. Chract. (Bar)'!$J23+'Info. (Trap.)'!$I$2*'Aero. Chract. (Trap.)'!$J23))) -> 93.81731 | H6: =0.5*B4*E2^2*('Info (Payload Bay)'!$I$2*'Aero. Chract. (Payload Bay)'!$J23+'Info. (Bar)'!$I$2*'Aero. Chract. (Bar)'!$J23+'Info. (Trap.)'!$I$2*'Aero. Chract. (Trap.)'!$J23) -> 7.9987534
A7: Surface Area | B7: 669.6 | C7: =B7/144 -> 4.65
G8: =G6*0.68181818182 -> 63.966348 | H8: mph

Sheet Info (Payload Bay)
A1: Airfoil: | B1: NACA4418 | D1: Desired Weight (lb): | E1: 8 | H1: in2 | I1: ft2 | K1: Taper Ratio | L1: Mean Aerodynamic Chord | M1: Y bar
A2: Re #: | B2: 250000 | D2: Desired Vcruise (ft/s): | E2: 80 | G2: Surface Area | H2: 360 | I2: =H2/144 -> 2.5 | K2: =C7/B7 -> 1 | L2: =(2/3)*B7*(1+K2+K2^2)/(1+K2) -> 24 | M2: =(12*E3/6)*((1+2*K2)/(1+K2)) -> 3.75
A3: t/c | B3: 0.18 | D3: Desired Wing Span (ft): | E3: 1.25
A4: Density (slug/ft3): | B4: ='Standard Atm.'!A8 -> 0.00228782 | G4: αCl=0 | H4: a0 | J4: a
G5: deg | H5: /deg | I5: /rad | J5: /deg | K5: /rad
B6: Root | C6: Tip | G6: =('Aero. Chract. (Payload Bay)'!A25)-(('Aero. Chract. (Payload Bay)'!B25)/(('Aero. Chract. (Payload Bay)'!B25-'Aero. Chract. (Payload Bay)'!B26)/('Aero. Chract. (Payload Bay)'!A25-'Aero. Chract. (Payload Bay)'!A26))) -> -4.3133554 | H6: =('Aero. Chract. (Payload Bay)'!B23-0)/(0-'Info (Payload Bay)'!G6) -> 0.1035157 | I6: =H6*180/PI() -> 5.9310127 | J6: =K6*PI()/180 -> 0.047485628 | K6: =I6/(1+(I6/PI()*F9)) -> 2.7207261
A7: Chord | B7: 24 | C7: 24
A8: Thickness | B8: =B7*B3 -> 4.32 | C8: =C7*B3 -> 4.32 | F8: Aspect Ratio | G8: xac (%) | H8: Vstall (ft/s) | I8: Vcruise (ft/s) | J8: Lift takeoff (lb) | K8: Lift cruise (lb) | L8: Lift Cruise Desired V (lb)
E9: 2D | F9: =E3^2/I2 -> 0.625 | G9: =(-((('Aero. Chract. (Payload Bay)'!$E$15-'Aero. Chract. (Payload Bay)'!$E$23)/(16-0))/((MAX('Aero. Chract. (Payload Bay)'!B13:B32)-'Aero. Chract. (Payload Bay)'!$B$23)/(16-0)))+0.25)*100 -> 18.945005 | H9: =SQRT((2*$E$1)/($B$4*$I$2*MAX('Aero. Chract. (Payload Bay)'!B13:B32))) -> 42.807162 | I9: =SQRT((2*$E$1)/($B$4*$I$2*'Aero. Chract. (Payload Bay)'!$B$23)) -> 79.153173 | J9: =0.5*MAX('Aero. Chract. (Payload Bay)'!B13:B32)*$I$2*$B$4*$H$9^2 -> 8 | K9: =0.5*'Aero. Chract. (Payload Bay)'!$B$23*$I$2*$B$4*$I$9^2 -> 8 | L9: =0.5*'Aero. Chract. (Payload Bay)'!$B$23*$I$2*$B$4*$E$2^2 -> 8.172093
E10: 3D | H10: =SQRT((2*$E$1)/($B$4*$I$2*MAX('Aero. Chract. (Payload Bay)'!J14:J33))) -> 53.852657 | I10: =SQRT((2*$E$1)/($B$4*$I$2*'Aero. Chract. (Payload Bay)'!$J$23)) -> 116.86658 | J10: =0.5*MAX('Aero. Chract. (Payload Bay)'!J15:J29)*$I$2*$B$4*$H$10^2 -> 8 | K10: =0.5*'Aero. Chract. (Payload Bay)'!$J$23*$I$2*$B$4*$I$10^2 -> 8 | L10: =0.5*'Aero. Chract. (Payload Bay)'!$J$23*$I$2*$B$4*$E$2^2 -> 3.748774

Sheet Aero. Chract. (Payload Bay)
A2: XFOIL | B2: Version | C2: 6.96
A4: Calculated | B4: polar | C4: for: | D4: GOE | E4: 382
A6: 1 | B6: 1 | C6: Reynolds | D6: number | E6: fixed | F6: Mach | G6: number | H6: fixed
A8: xtrf | B8: = | C8: 1 | D8: (top) | E8: 1 | F8: (bottom)
A9: Mach | B9: = | C9: 0.05 | D9: Re | E9: = | F9: 0.3 | G9: e | H9: 6
O10: t/w | P10: T/W
A11: alpha | B11: Cl | C11: Cd | D11: Cdp | E11: Cm | F11: Top_Xtr | G11: Bot_Xtr | I11: Linealized Cl | J11: CL | K11: CD | L11: CM | M11: l/d | N11: L/D | O11: 1/(l/d) | P11: 1/(L/D)
A12: ------ | B12: -------- | C12: --------- | D12: --------- | E12: -------- | F12: -------- | G12: -------- | I12: -------- | J12: -------- | K12: -------- | L12: -------- | M12: -------- | N12: -------- | O12: -------- | P12: --------
A13: 20 | B13: 1.4505 | C13: 0.11449 | D13: 0.10857 | E13: -0.0358 | F13: 0.0921 | G13: 1 | M13: =B13/C13 -> 12.669229 | O13: =1/M13 -> 0.078931403
A14: 18 | B14: 1.4718 | C14: 0.08707 | D14: 0.08089 | E14: -0.0309 | F14: 0.1228 | G14: 1 | M14: =B14/C14 -> 16.903641 | O14: =1/M14 -> 0.059158853
A15: 16 | B15: 1.5117 | C15: 0.0591 | D15: 0.05272 | E15: -0.0308 | F15: 0.17 | G15: 1 | I15: ='Info (Payload Bay)'!$H$6*('Aero. Chract. (Payload Bay)'!A15-'Info (Payload Bay)'!$G$6) -> 2.1027512 | J15: ='Info (Payload Bay)'!$J$6*('Aero. Chract. (Payload Bay)'!A15-'Info (Payload Bay)'!$G$6) -> 0.96459243 | M15: =B15/C15 -> 25.57868 | N15: =J15/K15 -> #DIV/0! | O15: =1/M15 -> 0.039095059 | P15: =1/N15 -> #DIV/0!
A16: 14 | B16: 1.5266 | C16: 0.03774 | D16: 0.03114 | E16: -0.0379 | F16: 0.235 | G16: 1 | I16: ='Info (Payload Bay)'!$H$6*('Aero. Chract. (Payload Bay)'!A16-'Info (Payload Bay)'!$G$6) -> 1.8957198 | J16: ='Info (Payload Bay)'!$J$6*('Aero. Chract. (Payload Bay)'!A16-'Info (Payload Bay)'!$G$6) -> 0.86962117 | M16: =B16/C16 -> 40.45045 | N16: =J16/K16 -> #DIV/0! | O16: =1/M16 -> 0.024721604 | P16: =1/N16 -> #DIV/0!
A17: 12 | B17: 1.49 | C17: 0.02577 | D17: 0.01906 | E17: -0.052 | F17: 0.3051 | G17: 1 | I17: ='Info (Payload Bay)'!$H$6*('Aero. Chract. (Payload Bay)'!A17-'Info (Payload Bay)'!$G$6) -> 1.6886884 | J17: ='Info (Payload Bay)'!$J$6*('Aero. Chract. (Payload Bay)'!A17-'Info (Payload Bay)'!$G$6) -> 0.77464992 | M17: =B17/C17 -> 57.81917 | N17: =J17/K17 -> #DIV/0! | O17: =1/M17 -> 0.017295302 | P17: =1/N17 -> #DIV/0!
A18: 10 | B18: 1.4023 | C18: 0.02013 | D18: 0.01323 | E18: -0.0686 | F18: 0.3699 | G18: 1 | I18: ='Info (Payload Bay)'!$H$6*('Aero. Chract. (Payload Bay)'!A18-'Info (Payload Bay)'!$G$6) -> 1.481657 | J18: ='Info (Payload Bay)'!$J$6*('Aero. Chract. (Payload Bay)'!A18-'Info (Payload Bay)'!$G$6) -> 0.67967866 | M18: =B18/C18 -> 69.662196 | N18: =J18/K18 -> #DIV/0! | O18: =1/M18 -> 0.014354988 | P18: =1/N18 -> #DIV/0!
A19: 8 | B19: 1.2779 | C19: 0.01748 | D19: 0.01046 | E19: -0.0847 | F19: 0.4251 | G19: 1 | I19: ='Info (Payload Bay)'!$H$6*('Aero. Chract. (Payload Bay)'!A19-'Info (Payload Bay)'!$G$6) -> 1.2746256 | J19: ='Info (Payload Bay)'!$J$6*('Aero. Chract. (Payload Bay)'!A19-'Info (Payload Bay)'!$G$6) -> 0.58470741 | M19: =B19/C19 -> 73.106407 | N19: =J19/K19 -> #DIV/0! | O19: =1/M19 -> 0.013678692 | P19: =1/N19 -> #DIV/0!
A20: 6 | B20: 1.1107 | C20: 0.01556 | D20: 0.00844 | E20: -0.0946 | F20: 0.4746 | G20: 1 | I20: ='Info (Payload Bay)'!$H$6*('Aero. Chract. (Payload Bay)'!A20-'Info (Payload Bay)'!$G$6) -> 1.0675942 | J20: ='Info (Payload Bay)'!$J$6*('Aero. Chract. (Payload Bay)'!A20-'Info (Payload Bay)'!$G$6) -> 0.48973615 | M20: =B20/C20 -> 71.381748 | N20: =J20/K20 -> #DIV/0! | O20: =1/M20 -> 0.014009183 | P20: =1/N20 -> #DIV/0!
A21: 4 | B21: 0.9309 | C21: 0.01381 | D21: 0.00699 | E21: -0.1026 | F21: 0.5205 | G21: 1 | I21: ='Info (Payload Bay)'!$H$6*('Aero. Chract. (Payload Bay)'!A21-'Info (Payload Bay)'!$G$6) -> 0.8605628 | J21: ='Info (Payload Bay)'!$J$6*('Aero. Chract. (Payload Bay)'!A21-'Info (Payload Bay)'!$G$6) -> 0.3947649 | M21: =B21/C21 -> 67.407676 | N21: =J21/K21 -> #DIV/0! | O21: =1/M21 -> 0.014835106 | P21: =1/N21 -> #DIV/0!
A22: 2 | B22: 0.7057 | C22: 0.01258 | D22: 0.00614 | E22: -0.1005 | F22: 0.5721 | G22: 0.9798 | I22: ='Info (Payload Bay)'!$H$6*('Aero. Chract. (Payload Bay)'!A22-'Info (Payload Bay)'!$G$6) -> 0.6535314 | J22: ='Info (Payload Bay)'!$J$6*('Aero. Chract. (Payload Bay)'!A22-'Info (Payload Bay)'!$G$6) -> 0.29979364 | M22: =B22/C22 -> 56.096979 | N22: =J22/K22 -> #DIV/0! | O22: =1/M22 -> 0.017826272 | P22: =1/N22 -> #DIV/0!
A23: 0 | B23: 0.4465 | C23: 0.01159 | D23: 0.00512 | E23: -0.0962 | F23: 0.6354 | G23: 0.6915 | I23: ='Info (Payload Bay)'!$H$6*('Aero. Chract. (Payload Bay)'!A23-'Info (Payload Bay)'!$G$6) -> 0.4465 | J23: ='Info (Payload Bay)'!$J$6*('Aero. Chract. (Payload Bay)'!A23-'Info (Payload Bay)'!$G$6) -> 0.20482239 | M23: =B23/C23 -> 38.52459 | N23: =J23/K23 -> #DIV/0! | O23: =1/M23 -> 0.025957447 | P23: =1/N23 -> #DIV/0!
A24: -2 | B24: 0.2472 | C24: 0.01278 | D24: 0.00526 | E24: -0.1019 | F24: 0.7142 | G24: 0.3175 | I24: ='Info (Payload Bay)'!$H$6*('Aero. Chract. (Payload Bay)'!A24-'Info (Payload Bay)'!$G$6) -> 0.2394686 | J24: ='Info (Payload Bay)'!$J$6*('Aero. Chract. (Payload Bay)'!A24-'Info (Payload Bay)'!$G$6) -> 0.10985113 | M24: =B24/C24 -> 19.342723 | N24: =J24/K24 -> #DIV/0! | O24: =1/M24 -> 0.051699029 | P24: =1/N24 -> #DIV/0!
A25: -4 | B25: 0.0332 | C25: 0.01417 | D25: 0.00665 | E25: -0.1049 | F25: 0.7958 | G25: 0.1956 | I25: ='Info (Payload Bay)'!$H$6*('Aero. Chract. (Payload Bay)'!A25-'Info (Payload Bay)'!$G$6) -> 0.032437199 | J25: ='Info (Payload Bay)'!$J$6*('Aero. Chract. (Payload Bay)'!A25-'Info (Payload Bay)'!$G$6) -> 0.014879876 | M25: =B25/C25 -> 2.3429781 | N25: =J25/K25 -> #DIV/0! | O25: =1/M25 -> 0.42680723 | P25: =1/N25 -> #DIV/0!
A26: -6 | B26: -0.1787 | C26: 0.01675 | D26: 0.0092 | E26: -0.1081 | F26: 0.8655 | G26: 0.1305 | I26: ='Info (Payload Bay)'!$H$6*('Aero. Chract. (Payload Bay)'!A26-'Info (Payload Bay)'!$G$6) -> -0.1745942 | J26: ='Info (Payload Bay)'!$J$6*('Aero. Chract. (Payload Bay)'!A26-'Info (Payload Bay)'!$G$6) -> -0.08009138 | M26: =B26/C26 -> -10.668657 | N26: =J26/K26 -> #DIV/0! | O26: =1/M26 -> -0.093732513 | P26: =1/N26 -> #DIV/0!
... A29: -12 | B29: -0.8847 | C29: 0.03756 | D29: 0.03172 | E29: -0.0885 | F29: 0.9821 | G29: 0.0601 | I29: ='Info (Payload Bay)'!$H$6*('Aero. Chract. (Payload Bay)'!A29-'Info (Payload Bay)'!$G$6) -> -0.7956884 | J29: ='Info (Payload Bay)'!$J$6*('Aero. Chract. (Payload Bay)'!A29-'Info (Payload Bay)'!$G$6) -> -0.36500515 | M29: =B29/C29 -> -23.554313 | N29: =J29/K29 -> #DIV/0! | O29: =1/M29 -> -0.04245507 | P29: =1/N29 -> #DIV/0!
A30: -14 | B30: -0.8142 | C30: 0.05454 | D30: 0.04975 | E30: -0.0987 | F30: 1 | G30: 0.056 | M30: =B30/C30 -> -14.928493 | O30: =1/M30 -> -0.066985999
A31: -16 | B31: -0.2254 | C31: 0.16083 | D31: 0.15756 | E31: -0.0414 | F31: 1 | G31: 0.0633 | M31: =B31/C31 -> -1.4014798 | O31: =1/M31 -> -0.7135315
A32: -18 | B32: -0.2204 | C32: 0.17191 | D32: 0.16853 | E32: -0.0422 | F32: 1 | G32: 0.0552 | M32: =B32/C32 -> -1.2820662 | O32: =1/M32 -> -0.77999093

Sheet Info. (Bar)
A1: Airfoil: | B1: NACA4418 | D1: Desired Weight (lb): | E1: 8 | H1: in2 | I1: ft2 | K1: Taper Ratio | L1: Mean Aerodynamic Chord | M1: Y bar
A2: Re #: | B2: 250000 | D2: Desired Vcruise (ft/s): | E2: 80 | G2: Surface Area | H2: 87 | I2: =H2/144 -> 0.60416667 | K2: =C7/B7 -> 1 | L2: =(2/3)*B7*(1+K2+K2^2)/(1+K2) -> 6 | M2: =(12*E3/6)*((1+2*K2)/(1+K2)) -> 7.25001
A3: t/c | B3: 0.18 | D3: Desired Wing Span (ft): | E3: 2.41667
A4: Density (slug/ft3): | B4: ='Standard Atm.'!A8 -> 0.00228782 | G4: αCl=0 | H4: a0 | J4: a
G5: deg | H5: /deg | I5: /rad | J5: /deg | K5: /rad
B6: Root | C6: Tip | G6: =('Aero. Chract. (Bar)'!A25)-(('Aero. Chract. (Bar)'!B25)/(('Aero. Chract. (Bar)'!B25-'Aero. Chract. (Bar)'!B26)/('Aero. Chract. (Bar)'!A25-'Aero. Chract. (Bar)'!A26))) -> -4.3133554 | H6: =('Aero. Chract. (Bar)'!B23-0)/(0-'Info. (Bar)'!G6) -> 0.1035157 | I6: =H6*180/PI() -> 5.9310127 | J6: =K6*PI()/180 -> 0.08361313 | K6: =I6*COS(C11)/(SQRT(1+(I6*COS(C11)/(PI()*F9))^2)+(I6*COS(C11)/(PI()*F9))) -> 4.7906794
A7: Chord | B7: 6 | C7: 6
A8: Thickness | B8: =B7*B3 -> 1.08 | C8: =C7*B3 -> 1.08 | F8: Aspect Ratio | G8: xac (%) | H8: Vstall (ft/s) | I8: Vcruise (ft/s) | J8: Lift takeoff (lb) | K8: Lift cruise (lb) | L8: Lift Cruise Desired V (lb)
E9: 2D | F9: =E3^2/I2 -> 9.6666933 | G9: =(-((('Aero. Chract. (Bar)'!$E$15-'Aero. Chract. (Bar)'!$E$23)/(16-0))/((MAX('Aero. Chract. (Bar)'!B13:B32)-'Aero. Chract. (Bar)'!$B$23)/(16-0)))+0.25)*100 -> 18.945005 | H9: =SQRT((2*$E$1)/($B$4*$I$2*MAX('Aero. Chract. (Bar)'!B13:B32))) -> 87.077922 | I9: =SQRT((2*$E$1)/($B$4*$I$2*'Aero. Chract. (Bar)'!$B$23)) -> 161.01263 | J9: =0.5*MAX('Aero. Chract. (Bar)'!B13:B32)*$I$2*$B$4*$H$9^2 -> 8 | K9: =0.5*'Aero. Chract. (Bar)'!$B$23*$I$2*$B$4*$I$9^2 -> 8 | L9: =0.5*'Aero. Chract. (Bar)'!$B$23*$I$2*$B$4*$E$2^2 -> 1.9749225
B10: deg | C10: rad | E10: 3D | H10: =SQRT((2*$E$1)/($B$4*$I$2*MAX('Aero. Chract. (Bar)'!J14:J33))) -> 82.554854 | I10: =SQRT((2*$E$1)/($B$4*$I$2*'Aero. Chract. (Bar)'!$J$23)) -> 179.15372 | J10: =0.5*MAX('Aero. Chract. (Bar)'!J15:J29)*$I$2*$B$4*$H$10^2 -> 8 | K10: =0.5*'Aero. Chract. (Bar)'!$J$23*$I$2*$B$4*$I$10^2 -> 8 | L10: =0.5*'Aero. Chract. (Bar)'!$J$23*$I$2*$B$4*$E$2^2 -> 1.5952116
A11: Sweep Angle | B11: 12.5 | C11: =B11*PI()/180 -> 0.21816616

Sheet Aero. Chract. (Bar)
A2: XFOIL | B2: Version | C2: 6.96
A4: Calculated | B4: polar | C4: for: | D4: GOE | E4: 382
A6: 1 | B6: 1 | C6: Reynolds | D6: number | E6: fixed | F6: Mach | G6: number | H6: fixed
A8: xtrf | B8: = | C8: 1 | D8: (top) | E8: 1 | F8: (bottom)
A9: Mach | B9: = | C9: 0.05 | D9: Re | E9: = | F9: 0.3 | G9: e | H9: 6
O10: t/w | P10: T/W
A11: alpha | B11: Cl | C11: Cd | D11: Cdp | E11: Cm | F11: Top_Xtr | G11: Bot_Xtr | I11: Linealized Cl | J11: CL | K11: CD | L11: CM | M11: l/d | N11: L/D | O11: 1/(l/d) | P11: 1/(L/D)
A12: ------ | B12: -------- | C12: --------- | D12: --------- | E12: -------- | F12: -------- | G12: -------- | I12: -------- | J12: -------- | K12: -------- | L12: -------- | M12: -------- | N12: -------- | O12: -------- | P12: --------
A13: 20 | B13: 1.4505 | C13: 0.11449 | D13: 0.10857 | E13: -0.0358 | F13: 0.0921 | G13: 1 | M13: =B13/C13 -> 12.669229 | O13: =1/M13 -> 0.078931403
A14: 18 | B14: 1.4718 | C14: 0.08707 | D14: 0.08089 | E14: -0.0309 | F14: 0.1228 | G14: 1 | M14: =B14/C14 -> 16.903641 | O14: =1/M14 -> 0.059158853
A15: 16 | B15: 1.5117 | C15: 0.0591 | D15: 0.05272 | E15: -0.0308 | F15: 0.17 | G15: 1 | I15: ='Info. (Bar)'!$H$6*('Aero. Chract. (Bar)'!A15-'Info. (Bar)'!$G$6) -> 2.1027512 | J15: ='Info. (Bar)'!$J$6*('Aero. Chract. (Bar)'!A15-'Info. (Bar)'!$G$6) -> 1.6984632 | M15: =B15/C15 -> 25.57868 | N15: =J15/K15 -> #DIV/0! | O15: =1/M15 -> 0.039095059 | P15: =1/N15 -> #DIV/0!
A16: 14 | B16: 1.5266 | C16: 0.03774 | D16: 0.03114 | E16: -0.0379 | F16: 0.235 | G16: 1 | I16: ='Info. (Bar)'!$H$6*('Aero. Chract. (Bar)'!A16-'Info. (Bar)'!$G$6) -> 1.8957198 | J16: ='Info. (Bar)'!$J$6*('Aero. Chract. (Bar)'!A16-'Info. (Bar)'!$G$6) -> 1.531237 | M16: =B16/C16 -> 40.45045 | N16: =J16/K16 -> #DIV/0! | O16: =1/M16 -> 0.024721604 | P16: =1/N16 -> #DIV/0!
A17: 12 | B17: 1.49 | C17: 0.02577 | D17: 0.01906 | E17: -0.052 | F17: 0.3051 | G17: 1 | I17: ='Info. (Bar)'!$H$6*('Aero. Chract. (Bar)'!A17-'Info. (Bar)'!$G$6) -> 1.6886884 | J17: ='Info. (Bar)'!$J$6*('Aero. Chract. (Bar)'!A17-'Info. (Bar)'!$G$6) -> 1.3640107 | M17: =B17/C17 -> 57.81917 | N17: =J17/K17 -> #DIV/0! | O17: =1/M17 -> 0.017295302 | P17: =1/N17 -> #DIV/0!
A18: 10 | B18: 1.4023 | C18: 0.02013 | D18: 0.01323 | E18: -0.0686 | F18: 0.3699 | G18: 1 | I18: ='Info. (Bar)'!$H$6*('Aero. Chract. (Bar)'!A18-'Info. (Bar)'!$G$6) -> 1.481657 | J18: ='Info. (Bar)'!$J$6*('Aero. Chract. (Bar)'!A18-'Info. (Bar)'!$G$6) -> 1.1967844 | M18: =B18/C18 -> 69.662196 | N18: =J18/K18 -> #DIV/0! | O18: =1/M18 -> 0.014354988 | P18: =1/N18 -> #DIV/0!
A19: 8 | B19: 1.2779 | C19: 0.01748 | D19: 0.01046 | E19: -0.0847 | F19: 0.4251 | G19: 1 | I19: ='Info. (Bar)'!$H$6*('Aero. Chract. (Bar)'!A19-'Info. (Bar)'!$G$6) -> 1.2746256 | J19: ='Info. (Bar)'!$J$6*('Aero. Chract. (Bar)'!A19-'Info. (Bar)'!$G$6) -> 1.0295582 | M19: =B19/C19 -> 73.106407 | N19: =J19/K19 -> #DIV/0! | O19: =1/M19 -> 0.013678692 | P19: =1/N19 -> #DIV/0!
A20: 6 | B20: 1.1107 | C20: 0.01556 | D20: 0.00844 | E20: -0.0946 | F20: 0.4746 | G20: 1 | I20: ='Info. (Bar)'!$H$6*('Aero. Chract. (Bar)'!A20-'Info. (Bar)'!$G$6) -> 1.0675942 | J20: ='Info. (Bar)'!$J$6*('Aero. Chract. (Bar)'!A20-'Info. (Bar)'!$G$6) -> 0.86233192 | M20: =B20/C20 -> 71.381748 | N20: =J20/K20 -> #DIV/0! | O20: =1/M20 -> 0.014009183 | P20: =1/N20 -> #DIV/0!
A21: 4 | B21: 0.9309 | C21: 0.01381 | D21: 0.00699 | E21: -0.1026 | F21: 0.5205 | G21: 1 | I21: ='Info. (Bar)'!$H$6*('Aero. Chract. (Bar)'!A21-'Info. (Bar)'!$G$6) -> 0.8605628 | J21: ='Info. (Bar)'!$J$6*('Aero. Chract. (Bar)'!A21-'Info. (Bar)'!$G$6) -> 0.69510566 | M21: =B21/C21 -> 67.407676 | N21: =J21/K21 -> #DIV/0! | O21: =1/M21 -> 0.014835106 | P21: =1/N21 -> #DIV/0!
A22: 2 | B22: 0.7057 | C22: 0.01258 | D22: 0.00614 | E22: -0.1005 | F22: 0.5721 | G22: 0.9798 | I22: ='Info. (Bar)'!$H$6*('Aero. Chract. (Bar)'!A22-'Info. (Bar)'!$G$6) -> 0.6535314 | J22: ='Info. (Bar)'!$J$6*('Aero. Chract. (Bar)'!A22-'Info. (Bar)'!$G$6) -> 0.5278794 | M22: =B22/C22 -> 56.096979 | N22: =J22/K22 -> #DIV/0! | O22: =1/M22 -> 0.017826272 | P22: =1/N22 -> #DIV/0!
A23: 0 | B23: 0.4465 | C23: 0.01159 | D23: 0.00512 | E23: -0.0962 | F23: 0.6354 | G23: 0.6915 | I23: ='Info. (Bar)'!$H$6*('Aero. Chract. (Bar)'!A23-'Info. (Bar)'!$G$6) -> 0.4465 | J23: ='Info. (Bar)'!$J$6*('Aero. Chract. (Bar)'!A23-'Info. (Bar)'!$G$6) -> 0.36065314 | M23: =B23/C23 -> 38.52459 | N23: =J23/K23 -> #DIV/0! | O23: =1/M23 -> 0.025957447 | P23: =1/N23 -> #DIV/0!
A24: -2 | B24: 0.2472 | C24: 0.01278 | D24: 0.00526 | E24: -0.1019 | F24: 0.7142 | G24: 0.3175 | I24: ='Info. (Bar)'!$H$6*('Aero. Chract. (Bar)'!A24-'Info. (Bar)'!$G$6) -> 0.2394686 | J24: ='Info. (Bar)'!$J$6*('Aero. Chract. (Bar)'!A24-'Info. (Bar)'!$G$6) -> 0.19342688 | M24: =B24/C24 -> 19.342723 | N24: =J24/K24 -> #DIV/0! | O24: =1/M24 -> 0.051699029 | P24: =1/N24 -> #DIV/0!
A25: -4 | B25: 0.0332 | C25: 0.01417 | D25: 0.00665 | E25: -0.1049 | F25: 0.7958 | G25: 0.1956 | I25: ='Info. (Bar)'!$H$6*('Aero. Chract. (Bar)'!A25-'Info. (Bar)'!$G$6) -> 0.032437199 | J25: ='Info. (Bar)'!$J$6*('Aero. Chract. (Bar)'!A25-'Info. (Bar)'!$G$6) -> 0.026200622 | M25: =B25/C25 -> 2.3429781 | N25: =J25/K25 -> #DIV/0! | O25: =1/M25 -> 0.42680723 | P25: =1/N25 -> #DIV/0!
A26: -6 | B26: -0.1787 | C26: 0.01675 | D26: 0.0092 | E26: -0.1081 | F26: 0.8655 | G26: 0.1305 | I26: ='Info. (Bar)'!$H$6*('Aero. Chract. (Bar)'!A26-'Info. (Bar)'!$G$6) -> -0.1745942 | J26: ='Info. (Bar)'!$J$6*('Aero. Chract. (Bar)'!A26-'Info. (Bar)'!$G$6) -> -0.14102564 | M26: =B26/C26 -> -10.668657 | N26: =J26/K26 -> #DIV/0! | O26: =1/M26 -> -0.093732513 | P26: =1/N26 -> #DIV/0!
... A29: -12 | B29: -0.8847 | C29: 0.03756 | D29: 0.03172 | E29: -0.0885 | F29: 0.9821 | G29: 0.0601 | I29: ='Info. (Bar)'!$H$6*('Aero. Chract. (Bar)'!A29-'Info. (Bar)'!$G$6) -> -0.7956884 | J29: ='Info. (Bar)'!$J$6*('Aero. Chract. (Bar)'!A29-'Info. (Bar)'!$G$6) -> -0.64270442 | M29: =B29/C29 -> -23.554313 | N29: =J29/K29 -> #DIV/0! | O29: =1/M29 -> -0.04245507 | P29: =1/N29 -> #DIV/0!
A30: -14 | B30: -0.8142 | C30: 0.05454 | D30: 0.04975 | E30: -0.0987 | F30: 1 | G30: 0.056 | M30: =B30/C30 -> -14.928493 | O30: =1/M30 -> -0.066985999
A31: -16 | B31: -0.2254 | C31: 0.16083 | D31: 0.15756 | E31: -0.0414 | F31: 1 | G31: 0.0633 | M31: =B31/C31 -> -1.4014798 | O31: =1/M31 -> -0.7135315
A32: -18 | B32: -0.2204 | C32: 0.17191 | D32: 0.16853 | E32: -0.0422 | F32: 1 | G32: 0.0552 | M32: =B32/C32 -> -1.2820662 | O32: =1/M32 -> -0.77999093

Sheet Info. (Trap.)
A1: Airfoil: | B1: NACA4418 | D1: Desired Weight (lb): | E1: 8 | H1: in2 | I1: ft2 | K1: Taper Ratio | L1: Mean Aerodynamic Chord | M1: Y bar
A2: Re #: | B2: 250000 | D2: Desired Vcruise (ft/s): | E2: 80 | G2: Surface Area | H2: 84.35 | I2: =H2/144 -> 0.58576389 | K2: =C7/B7 -> 0.25 | L2: =(2/3)*B7*(1+K2+K2^2)/(1+K2) -> 16.8 | M2: =(12*E3/6)*((1+2*K2)/(1+K2)) -> 1.999992
A3: t/c | B3: 0.18 | D3: Desired Wing Span (ft): | E3: 0.83333
A4: Density (slug/ft3): | B4: ='Standard Atm.'!A8 -> 0.00228782 | G4: αCl=0 | H4: a0 | J4: a
G5: deg | H5: /deg | I5: /rad | J5: /deg | K5: /rad
B6: Root | C6: Tip | G6: =('Aero. Chract. (Trap.)'!A25)-(('Aero. Chract. (Trap.)'!B25)/(('Aero. Chract. (Trap.)'!B25-'Aero. Chract. (Trap.)'!B26)/('Aero. Chract. (Trap.)'!A25-'Aero. Chract. (Trap.)'!A26))) -> -4.3133554 | H6: =('Aero. Chract. (Trap.)'!B23-0)/(0-'Info. (Trap.)'!G6) -> 0.1035157 | I6: =H6*180/PI() -> 5.9310127 | J6: =K6*PI()/180 -> 0.025575578 | K6: =I6*COS(C11)/(SQRT(1+(I6*COS(C11)/(PI()*F9))^2)+(I6*COS(C11)/(PI()*F9))) -> 1.4653727
A7: Chord | B7: 24 | C7: 6
A8: Thickness | B8: =B7*B3 -> 4.32 | C8: =C7*B3 -> 1.08 | F8: Aspect Ratio | G8: xac (%) | H8: Vstall (ft/s) | I8: Vcruise (ft/s) | J8: Lift takeoff (lb) | K8: Lift cruise (lb) | L8: Lift Cruise Desired V (lb)
E9: 2D | F9: =E3^2/I2 -> 1.185527 | G9: =(-((('Aero. Chract. (Trap.)'!$E$15-'Aero. Chract. (Trap.)'!$E$23)/(16-0))/((MAX('Aero. Chract. (Trap.)'!B13:B32)-'Aero. Chract. (Trap.)'!$B$23)/(16-0)))+0.25)*100 -> 18.945005 | H9: =SQRT((2*$E$1)/($B$4*$I$2*MAX('Aero. Chract. (Trap.)'!B13:B32))) -> 88.435195 | I9: =SQRT((2*$E$1)/($B$4*$I$2*'Aero. Chract. (Trap.)'!$B$23)) -> 163.52232 | J9: =0.5*MAX('Aero. Chract. (Trap.)'!B13:B32)*$I$2*$B$4*$H$9^2 -> 8 | K9: =0.5*'Aero. Chract. (Trap.)'!$B$23*$I$2*$B$4*$I$9^2 -> 8 | L9: =0.5*'Aero. Chract. (Trap.)'!$B$23*$I$2*$B$4*$E$2^2 -> 1.9147668
B10: deg | C10: rad | E10: 3D | H10: =SQRT((2*$E$1)/($B$4*$I$2*MAX('Aero. Chract. (Trap.)'!J14:J33))) -> 151.59477 | I10: =SQRT((2*$E$1)/($B$4*$I$2*'Aero. Chract. (Trap.)'!$J$23)) -> 328.97843 | J10: =0.5*MAX('Aero. Chract. (Trap.)'!J15:J29)*$I$2*$B$4*$H$10^2 -> 8 | K10: =0.5*'Aero. Chract. (Trap.)'!$J$23*$I$2*$B$4*$I$10^2 -> 8 | L10: =0.5*'Aero. Chract. (Trap.)'!$J$23*$I$2*$B$4*$E$2^2 -> 0.47308057
A11: Sweep Angle | B11: -57.642 | C11: =B11*PI()/180 -> -1.0060427

Sheet Aero. Chract. (Trap.)
A2: XFOIL | B2: Version | C2: 6.96
A4: Calculated | B4: polar | C4: for: | D4: GOE | E4: 382
A6: 1 | B6: 1 | C6: Reynolds | D6: number | E6: fixed | F6: Mach | G6: number | H6: fixed
A8: xtrf | B8: = | C8: 1 | D8: (top) | E8: 1 | F8: (bottom)
A9: Mach | B9: = | C9: 0.05 | D9: Re | E9: = | F9: 0.3 | G9: e | H9: 6
O10: t/w | P10: T/W
A11: alpha | B11: Cl | C11: Cd | D11: Cdp | E11: Cm | F11: Top_Xtr | G11: Bot_Xtr | I11: Linealized Cl | J11: CL | K11: CD | L11: CM | M11: l/d | N11: L/D | O11: 1/(l/d) | P11: 1/(L/D)
A12: ------ | B12: -------- | C12: --------- | D12: --------- | E12: -------- | F12: -------- | G12: -------- | I12: -------- | J12: -------- | K12: -------- | L12: -------- | M12: -------- | N12: -------- | O12: -------- | P12: --------
A13: 20 | B13: 1.4505 | C13: 0.11449 | D13: 0.10857 | E13: -0.0358 | F13: 0.0921 | G13: 1 | M13: =B13/C13 -> 12.669229 | O13: =1/M13 -> 0.078931403
A14: 18 | B14: 1.4718 | C14: 0.08707 | D14: 0.08089 | E14: -0.0309 | F14: 0.1228 | G14: 1 | M14: =B14/C14 -> 16.903641 | O14: =1/M14 -> 0.059158853
A15: 16 | B15: 1.5117 | C15: 0.0591 | D15: 0.05272 | E15: -0.0308 | F15: 0.17 | G15: 1 | I15: ='Info. (Trap.)'!$H$6*('Aero. Chract. (Trap.)'!A15-'Info. (Trap.)'!$G$6) -> 2.1027512 | J15: ='Info. (Trap.)'!$J$6*('Aero. Chract. (Trap.)'!A15-'Info. (Trap.)'!$G$6) -> 0.5195258 | M15: =B15/C15 -> 25.57868 | N15: =J15/K15 -> #DIV/0! | O15: =1/M15 -> 0.039095059 | P15: =1/N15 -> #DIV/0!
A16: 14 | B16: 1.5266 | C16: 0.03774 | D16: 0.03114 | E16: -0.0379 | F16: 0.235 | G16: 1 | I16: ='Info. (Trap.)'!$H$6*('Aero. Chract. (Trap.)'!A16-'Info. (Trap.)'!$G$6) -> 1.8957198 | J16: ='Info. (Trap.)'!$J$6*('Aero. Chract. (Trap.)'!A16-'Info. (Trap.)'!$G$6) -> 0.46837464 | M16: =B16/C16 -> 40.45045 | N16: =J16/K16 -> #DIV/0! | O16: =1/M16 -> 0.024721604 | P16: =1/N16 -> #DIV/0!
A17: 12 | B17: 1.49 | C17: 0.02577 | D17: 0.01906 | E17: -0.052 | F17: 0.3051 | G17: 1 | I17: ='Info. (Trap.)'!$H$6*('Aero. Chract. (Trap.)'!A17-'Info. (Trap.)'!$G$6) -> 1.6886884 | J17: ='Info. (Trap.)'!$J$6*('Aero. Chract. (Trap.)'!A17-'Info. (Trap.)'!$G$6) -> 0.41722349 | M17: =B17/C17 -> 57.81917 | N17: =J17/K17 -> #DIV/0! | O17: =1/M17 -> 0.017295302 | P17: =1/N17 -> #DIV/0!
A18: 10 | B18: 1.4023 | C18: 0.02013 | D18: 0.01323 | E18: -0.0686 | F18: 0.3699 | G18: 1 | I18: ='Info. (Trap.)'!$H$6*('Aero. Chract. (Trap.)'!A18-'Info. (Trap.)'!$G$6) -> 1.481657 | J18: ='Info. (Trap.)'!$J$6*('Aero. Chract. (Trap.)'!A18-'Info. (Trap.)'!$G$6) -> 0.36607233 | M18: =B18/C18 -> 69.662196 | N18: =J18/K18 -> #DIV/0! | O18: =1/M18 -> 0.014354988 | P18: =1/N18 -> #DIV/0!
A19: 8 | B19: 1.2779 | C19: 0.01748 | D19: 0.01046 | E19: -0.0847 | F19: 0.4251 | G19: 1 | I19: ='Info. (Trap.)'!$H$6*('Aero. Chract. (Trap.)'!A19-'Info. (Trap.)'!$G$6) -> 1.2746256 | J19: ='Info. (Trap.)'!$J$6*('Aero. Chract. (Trap.)'!A19-'Info. (Trap.)'!$G$6) -> 0.31492118 | M19: =B19/C19 -> 73.106407 | N19: =J19/K19 -> #DIV/0! | O19: =1/M19 -> 0.013678692 | P19: =1/N19 -> #DIV/0!
A20: 6 | B20: 1.1107 | C20: 0.01556 | D20: 0.00844 | E20: -0.0946 | F20: 0.4746 | G20: 1 | I20: ='Info. (Trap.)'!$H$6*('Aero. Chract. (Trap.)'!A20-'Info. (Trap.)'!$G$6) -> 1.0675942 | J20: ='Info. (Trap.)'!$J$6*('Aero. Chract. (Trap.)'!A20-'Info. (Trap.)'!$G$6) -> 0.26377002 | M20: =B20/C20 -> 71.381748 | N20: =J20/K20 -> #DIV/0! | O20: =1/M20 -> 0.014009183 | P20: =1/N20 -> #DIV/0!
A21: 4 | B21: 0.9309 | C21: 0.01381 | D21: 0.00699 | E21: -0.1026 | F21: 0.5205 | G21: 1 | I21: ='Info. (Trap.)'!$H$6*('Aero. Chract. (Trap.)'!A21-'Info. (Trap.)'!$G$6) -> 0.8605628 | J21: ='Info. (Trap.)'!$J$6*('Aero. Chract. (Trap.)'!A21-'Info. (Trap.)'!$G$6) -> 0.21261887 | M21: =B21/C21 -> 67.407676 | N21: =J21/K21 -> #DIV/0! | O21: =1/M21 -> 0.014835106 | P21: =1/N21 -> #DIV/0!
A22: 2 | B22: 0.7057 | C22: 0.01258 | D22: 0.00614 | E22: -0.1005 | F22: 0.5721 | G22: 0.9798 | I22: ='Info. (Trap.)'!$H$6*('Aero. Chract. (Trap.)'!A22-'Info. (Trap.)'!$G$6) -> 0.6535314 | J22: ='Info. (Trap.)'!$J$6*('Aero. Chract. (Trap.)'!A22-'Info. (Trap.)'!$G$6) -> 0.16146771 | M22: =B22/C22 -> 56.096979 | N22: =J22/K22 -> #DIV/0! | O22: =1/M22 -> 0.017826272 | P22: =1/N22 -> #DIV/0!
A23: 0 | B23: 0.4465 | C23: 0.01159 | D23: 0.00512 | E23: -0.0962 | F23: 0.6354 | G23: 0.6915 | I23: ='Info. (Trap.)'!$H$6*('Aero. Chract. (Trap.)'!A23-'Info. (Trap.)'!$G$6) -> 0.4465 | J23: ='Info. (Trap.)'!$J$6*('Aero. Chract. (Trap.)'!A23-'Info. (Trap.)'!$G$6) -> 0.11031655 | M23: =B23/C23 -> 38.52459 | N23: =J23/K23 -> #DIV/0! | O23: =1/M23 -> 0.025957447 | P23: =1/N23 -> #DIV/0!
A24: -2 | B24: 0.2472 | C24: 0.01278 | D24: 0.00526 | E24: -0.1019 | F24: 0.7142 | G24: 0.3175 | I24: ='Info. (Trap.)'!$H$6*('Aero. Chract. (Trap.)'!A24-'Info. (Trap.)'!$G$6) -> 0.2394686 | J24: ='Info. (Trap.)'!$J$6*('Aero. Chract. (Trap.)'!A24-'Info. (Trap.)'!$G$6) -> 0.0591654 | M24: =B24/C24 -> 19.342723 | N24: =J24/K24 -> #DIV/0! | O24: =1/M24 -> 0.051699029 | P24: =1/N24 -> #DIV/0!
A25: -4 | B25: 0.0332 | C25: 0.01417 | D25: 0.00665 | E25: -0.1049 | F25: 0.7958 | G25: 0.1956 | I25: ='Info. (Trap.)'!$H$6*('Aero. Chract. (Trap.)'!A25-'Info. (Trap.)'!$G$6) -> 0.032437199 | J25: ='Info. (Trap.)'!$J$6*('Aero. Chract. (Trap.)'!A25-'Info. (Trap.)'!$G$6) -> 0.0080142442 | M25: =B25/C25 -> 2.3429781 | N25: =J25/K25 -> #DIV/0! | O25: =1/M25 -> 0.42680723 | P25: =1/N25 -> #DIV/0!
A26: -6 | B26: -0.1787 | C26: 0.01675 | D26: 0.0092 | E26: -0.1081 | F26: 0.8655 | G26: 0.1305 | I26: ='Info. (Trap.)'!$H$6*('Aero. Chract. (Trap.)'!A26-'Info. (Trap.)'!$G$6) -> -0.1745942 | J26: ='Info. (Trap.)'!$J$6*('Aero. Chract. (Trap.)'!A26-'Info. (Trap.)'!$G$6) -> -0.043136911 | M26: =B26/C26 -> -10.668657 | N26: =J26/K26 -> #DIV/0! | O26: =1/M26 -> -0.093732513 | P26: =1/N26 -> #DIV/0!
... A29: -12 | B29: -0.8847 | C29: 0.03756 | D29: 0.03172 | E29: -0.0885 | F29: 0.9821 | G29: 0.0601 | I29: ='Info. (Trap.)'!$H$6*('Aero. Chract. (Trap.)'!A29-'Info. (Trap.)'!$G$6) -> -0.7956884 | J29: ='Info. (Trap.)'!$J$6*('Aero. Chract. (Trap.)'!A29-'Info. (Trap.)'!$G$6) -> -0.19659038 | M29: =B29/C29 -> -23.554313 | N29: =J29/K29 -> #DIV/0! | O29: =1/M29 -> -0.04245507 | P29: =1/N29 -> #DIV/0!
A30: -14 | B30: -0.8142 | C30: 0.05454 | D30: 0.04975 | E30: -0.0987 | F30: 1 | G30: 0.056 | M30: =B30/C30 -> -14.928493 | O30: =1/M30 -> -0.066985999
A31: -16 | B31: -0.2254 | C31: 0.16083 | D31: 0.15756 | E31: -0.0414 | F31: 1 | G31: 0.0633 | M31: =B31/C31 -> -1.4014798 | O31: =1/M31 -> -0.7135315
A32: -18 | B32: -0.2204 | C32: 0.17191 | D32: 0.16853 | E32: -0.0422 | F32: 1 | G32: 0.0552 | M32: =B32/C32 -> -1.2820662 | O32: =1/M32 -> -0.77999093
